<?xml version="1.0" encoding="utf-8"?>
<odoo>
    <data noupdate="1">
        <record id="payment_provider_pay4all" model="payment.provider">
            <field name="name">Pay4All (e+)</field>
            <field name="code">pay4all</field>
            <field name="state">test</field>
            <field name="is_published">True</field>
            <field name="payment_icon_ids" eval="[(6, 0, [])]"/>
            <field name="pay4all_api_key">8UmVR3yf7HwBMkNbs6DTDIYdGpOWr7hXVthaqMo30BXSu4WL</field>
            <field name="pay4all_account_number">00375967</field>
            <field name="pay4all_notification_token">QXRSEOAAMOBUOM</field>
        </record>
    </data>
</odoo>
